path, a, b, c, d
example_dataset/train/images/374.jpg,605.3494834899902,821.7154598236084,719.8053932189941,564.4871950149536
example_dataset/train/images/214.jpg,1259.2215563058853,804.0575869083405,541.3939188718796,479.61345010995865
example_dataset/train/images/215.jpg,714.8418435752392,759.3687629699707,297.66937932372093,228.20239901542664
example_dataset/train/images/407.jpg,2.508669137954712,917.3564758300781,1136.43212890625,543.9646453857422
example_dataset/train/images/349.jpg,1276.8285870552063,1281.6274166107178,808.5502982139587,454.64454889297485
example_dataset/train/images/163.jpg,459.8201904296875,795.280517578125,196.7637939453125,177.46081924438477
example_dataset/train/images/149.jpg,852.4839878082275,586.3641500473022,647.5160121917725,374.5773434638977
example_dataset/train/images/388.jpg,1443.1846923828125,814.7842712402344,281.7227783203125,204.79449462890625
example_dataset/train/images/439.jpg,1618.799560546875,834.7421264648438,156.0147705078125,119.40435791015625
example_dataset/train/images/217.jpg,418.14416313171387,838.9694452285767,261.8444709777832,266.77454471588135
example_dataset/train/images/216.jpg,190.66195379197598,744.5782270431519,399.0968378186226,328.8546086847782
example_dataset/train/images/404.jpg,872.9686889648438,843.64306640625,1172.36181640625,472.14234924316406
example_dataset/train/images/389.jpg,266.8565673828125,1229.2879943847656,840.796875,306.66771697998047
example_dataset/train/images/148.jpg,751.9348561763763,598.2757786512375,554.6303540468216,214.71996635198593
example_dataset/train/images/49.jpg,0.0,1272.1649733781815,2001.1045217514038,1088.6989617943764
example_dataset/train/images/65.jpg,1718.4777975082397,1268.9695358276367,937.1594309806824,264.8158013820648
example_dataset/train/images/170.jpg,817.8167724609375,703.4456634521484,339.638671875,317.20470428466797
example_dataset/train/images/164.jpg,906.2670288085938,830.1199035644531,1028.083984375,522.088623046875
example_dataset/train/images/372.jpg,607.1793365478516,760.9491348266602,177.47375965118408,195.97686767578125
example_dataset/train/images/366.jpg,507.3167037963867,802.0453834533691,119.27972316741943,83.92712473869324
example_dataset/train/images/212.jpg,1603.1602704524994,768.3911609649658,434.8397295475006,494.8617744445801
example_dataset/train/images/213.jpg,1562.5335665941238,826.8150000572205,346.0475985109806,257.6713260412216
example_dataset/train/images/367.jpg,2.8965740650892258,837.7488899230957,973.8949584960938,329.9139404296875
example_dataset/train/images/167.jpg,325.39752197265625,819.589599609375,772.8042602539062,628.0742340087891
example_dataset/train/images/173.jpg,1578.5787105560303,1300.768183529377,1037.2503519058228,500.06934432685375
example_dataset/train/images/403.jpg,1263.3428955078125,915.8227844238281,784.6571044921875,620.1772613525391
example_dataset/train/images/371.jpg,642.6539039611816,757.5418281555176,158.08130264282227,190.82513809204102
example_dataset/train/images/417.jpg,310.2991189658642,702.6894564628601,637.639862716198,301.4174712449312
example_dataset/train/images/370.jpg,275.3152084350586,858.3080863952637,994.5669937133789,581.6919565200806
example_dataset/train/images/402.jpg,1342.553466796875,944.3732299804688,705.446533203125,590.9848022460938
example_dataset/train/images/166.jpg,762.5873413085938,794.4716491699219,1285.41259765625,740.2963714599609
example_dataset/train/images/129.jpg,3.079545497894287,1004.1407775878906,543.5971069335938,531.5423583984375
example_dataset/train/images/101.jpg,0.0,1154.0561771392822,1919.9242401123047,282.83557176589966
example_dataset/train/images/303.jpg,748.7277388572693,532.0785641670227,751.2722611427307,463.09587359428406
example_dataset/train/images/277.jpg,75.7894287109375,681.5703767538071,1327.3670654296875,683.3789357542992
example_dataset/train/images/289.jpg,1101.8705606460571,1292.4945967793465,769.9636101722717,408.8693865388632
example_dataset/train/images/302.jpg,0.37797926052007824,486.52148246765137,516.6603326797485,330.8945894241333
example_dataset/train/images/100.jpg,965.4597473144531,788.219690322876,954.5401954650879,566.7798614501953
example_dataset/train/images/102.jpg,71.65707349777222,770.6775283813477,139.80485916137695,72.83209204673767
example_dataset/train/images/249.jpg,1.3373506255447865,723.92578125,1545.851230621338,474.4118571281433
example_dataset/train/images/12.jpg,2604.3981313705444,1252.7052941918373,602.3483991622925,435.8868396282196
example_dataset/train/images/107.jpg,1595.6657409667969,826.0601234436035,324.33423042297363,171.91033959388733
example_dataset/train/images/339.jpg,2.382019115611911,1393.7946796417236,982.512903213501,1004.4426441192627
example_dataset/train/images/271.jpg,113.24369812011719,781.5309923887253,1351.4422607421875,576.4925618469715
example_dataset/train/images/270.jpg,1069.315185546875,844.1339501738548,401.15869140625,80.49621703103185
example_dataset/train/images/462.jpg,1969.7973489761353,1232.798361003399,279.7016680240631,180.8431385681033
example_dataset/train/images/11.jpg,1259.940218925476,1275.854680299759,687.2565686702728,634.2551182508469
example_dataset/train/images/138.jpg,511.6448059082031,881.7646179199219,518.6993408203125,291.1383590698242
example_dataset/train/images/460.jpg,334.3045234680176,1373.183298110962,1674.5949268341064,1018.1264877319336
example_dataset/train/images/273.jpg,838.4309692382812,718.5497090220451,850.0941772460938,240.88512517511845
example_dataset/train/images/139.jpg,1057.7498779296875,870.009521484375,591.58203125,236.0830078125
example_dataset/train/images/105.jpg,595.3368759155273,882.231330871582,1058.4133529663086,557.768669128418
example_dataset/train/images/38.jpg,0.014232001558411866,701.7802476882935,564.1063213348389,314.43750858306885
example_dataset/train/images/35.jpg,8.701657503843307,822.6709127426147,1440.73486328125,377.32908725738525
example_dataset/train/images/493.jpg,886.6605224609375,847.6134878396988,602.085205078125,333.0021972209215
example_dataset/train/images/256.jpg,3.1736448407173157,724.1543054580688,1251.635456085205,474.8645067214966
example_dataset/train/images/243.jpg,1203.6683082580566,595.6170558929443,395.6097364425659,186.08495593070984
example_dataset/train/images/257.jpg,0.0,671.3813066482544,1596.544075012207,527.4076581001282
example_dataset/train/images/451.jpg,2318.928909301758,1688.8393878936768,713.33327293396,709.9401712417603
example_dataset/train/images/445.jpg,0.024982428178191185,905.8585510253906,502.412109375,628.6418609619141
example_dataset/train/images/492.jpg,205.1488800048828,798.9206260442734,617.1270751953125,329.44103479385376
example_dataset/train/images/135.jpg,1644.269775390625,995.8347473144531,402.672607421875,539.2313232421875
example_dataset/train/images/109.jpg,991.2950134277344,851.0460376739502,455.2748394012451,222.77917385101318
example_dataset/train/images/447.jpg,1429.448962211609,1421.9441413879395,942.3408150672913,667.0356273651123
example_dataset/train/images/282.jpg,371.6130118072033,711.3718461990356,1267.456175327301,416.98362588882446
example_dataset/train/images/241.jpg,925.914478302002,670.7322835922241,546.6035842895508,161.73309087753296
example_dataset/train/images/255.jpg,222.83155918121338,683.4860801696777,828.5221099853516,211.5407645702362
example_dataset/train/images/268.jpg,433.9537658691406,724.8792994022369,946.7755126953125,639.4179506599903
example_dataset/train/images/308.jpg,8.716049138456583,579.5323252677917,1425.2115190029144,420.4035699367523
example_dataset/train/images/23.jpg,3248.997116088867,1403.0124846696854,350.22925436496735,990.9875153303146
example_dataset/train/images/287.jpg,1164.1283869743347,1400.5149364471436,1176.13867521286,999.3571758270264
example_dataset/train/images/293.jpg,0.0,1727.4639129638672,2058.158755302429,672.5361585617065
example_dataset/train/images/278.jpg,597.6216234564781,714.6350074410439,547.0831661224365,261.78948636353016
example_dataset/train/images/245.jpg,1.1880519799888134,669.6332931518555,607.7911853790283,365.00219106674194
example_dataset/train/images/127.jpg,2.644505739212036,929.07421875,1125.5853271484375,606.92578125
example_dataset/train/images/30.jpg,7.686791568994522,715.6623601913452,1514.978313446045,481.0664176940918
example_dataset/train/images/455.jpg,2436.582612991333,1575.111722946167,1159.991991519928,824.8868465423584
example_dataset/train/images/284.jpg,1325.9160302877426,699.4740056991577,708.9131876826286,337.37499952316284
example_dataset/train/images/483.jpg,991.6820883750916,1509.0014067292213,895.4026401042938,844.3481419980526
example_dataset/train/images/130.jpg,1042.2542724609375,862.0213623046875,1004.4669189453125,582.503173828125
example_dataset/train/images/31.jpg,0.07816161378286779,765.7187461853027,1014.6726608276367,433.1978917121887
example_dataset/train/images/95.jpg,256.49458304047585,851.9232643246651,308.1091808974743,280.14788031578064
example_dataset/train/images/143.jpg,682.894775390625,818.1151428222656,1230.01220703125,537.5694580078125
example_dataset/train/images/157.jpg,484.85930263996124,551.8632817268372,100.9201928973198,71.4943201765418
example_dataset/train/images/382.jpg,46.48437537252903,1002.0637512207031,2953.5157084465027,997.7554678916931
example_dataset/train/images/234.jpg,1068.8343505859375,829.5536499023438,832.07666015625,402.5104522705078
example_dataset/train/images/368.jpg,286.90303802490234,884.9181747436523,1556.3354873657227,555.0817823410034
example_dataset/train/images/156.jpg,1334.0004980564117,860.5878112316132,165.99438339471817,137.3273327946663
example_dataset/train/images/94.jpg,543.8077340126038,805.0026052594185,1480.743849992752,550.9590640068054
example_dataset/train/images/96.jpg,1204.6471772193909,737.4421311020851,663.4382029175758,273.87091939151287
example_dataset/train/images/168.jpg,2.6594717502593994,1321.2924499511719,629.2642822265625,214.13317108154297
example_dataset/train/images/154.jpg,329.18737828731537,531.811773777008,453.6351263523102,245.4342097043991
example_dataset/train/images/140.jpg,0.0,1112.6939392089844,287.96966552734375,421.28929138183594
example_dataset/train/images/381.jpg,911.560446023941,1170.3764200210571,1672.2509264945984,821.3323950767517
example_dataset/train/images/418.jpg,1113.9255793094635,709.268684387207,658.2900627851486,251.77576661109924
example_dataset/train/images/430.jpg,2287.5275373458862,1312.3725191950798,1307.2341084480286,1085.2758532464504
example_dataset/train/images/236.jpg,2.4506208896636963,898.6877746582031,1326.959716796875,635.9351348876953
example_dataset/train/images/155.jpg,225.60178488492966,583.791196346283,447.4768191576004,153.39581668376923
example_dataset/train/images/390.jpg,460.23699951171875,866.0505065917969,1041.878662109375,636.6022796630859
example_dataset/train/images/435.jpg,706.359619140625,802.6427307128906,90.0164794921875,155.94318008422852
example_dataset/train/images/408.jpg,1.9413074254989624,1011.2955322265625,730.0044555664062,521.8863372802734
example_dataset/train/images/346.jpg,1515.5405759811401,1278.6995548009872,422.1318483352661,302.1006916165352
example_dataset/train/images/420.jpg,781.3514004647732,784.1431903839111,407.4207193404436,239.6726155281067
example_dataset/train/images/385.jpg,1148.7799286842346,1276.4147520065308,1366.6107058525085,705.8603763580322
example_dataset/train/images/391.jpg,744.1560668945312,907.1498107910156,678.0054321289062,605.2232666015625
example_dataset/train/images/146.jpg,1548.604248046875,799.3647766113281,356.7352294921875,278.68359375
example_dataset/train/images/152.jpg,469.6979820728302,624.0789890289307,934.8967373371124,375.53295493125916
example_dataset/train/images/393.jpg,417.4441223144531,1003.6489562988281,1020.9503173828125,532.3076019287109
example_dataset/train/images/436.jpg,265.9205017089844,797.1054382324219,611.6285400390625,267.05108642578125
example_dataset/train/images/378.jpg,6.754074012860656,1167.9325103759766,1625.0824928283691,829.7359347343445
example_dataset/train/images/230.jpg,366.91796875,920.2876281738281,565.0977172851562,255.29656219482422
example_dataset/train/images/218.jpg,753.9399931430817,739.136383831501,654.3678409457207,222.15026235580444
example_dataset/train/images/219.jpg,1465.3852338790894,799.1019439697266,562.5578904747963,560.8980560302734
example_dataset/train/images/437.jpg,25.481197357177734,781.0435180664062,584.2740478515625,149.0328369140625
example_dataset/train/images/423.jpg,853.2091277837753,718.9421646595001,136.89685145020485,97.54516714811325
example_dataset/train/images/392.jpg,1239.45947265625,857.5460815429688,278.4464111328125,287.99761962890625
example_dataset/train/images/386.jpg,640.4389038085938,860.1387634277344,1048.43994140625,594.39697265625
example_dataset/train/images/153.jpg,1010.6416940689087,574.1478204727173,203.88123393058777,158.7197333574295
example_dataset/train/images/147.jpg,1399.4603271484375,845.1321716308594,648.5396728515625,688.7624359130859
